,mean_fit_time,std_fit_time,mean_score_time,std_score_time,param_class_weight,param_criterion,param_max_depth,param_max_features,param_n_estimators,params,split0_test_score,split1_test_score,split2_test_score,split3_test_score,split4_test_score,mean_test_score,std_test_score,rank_test_score
0,0.1224482536315918,0.0033834598379842984,0.10807218551635742,0.002834954973631189,balanced,gini,100,sqrt,10,"{'class_weight': 'balanced', 'criterion': 'gini', 'max_depth': 100, 'max_features': 'sqrt', 'n_estimators': 10}",0.7099767981438515,0.727061556329849,0.7015098722415796,0.7015098722415796,0.7224157955865272,0.7124947789086773,0.01056687420632861,199
1,0.5396979808807373,0.09781115825037295,0.11323275566101074,0.004132524978745464,balanced,gini,100,sqrt,100,"{'class_weight': 'balanced', 'criterion': 'gini', 'max_depth': 100, 'max_features': 'sqrt', 'n_estimators': 100}",0.7180974477958236,0.7514518002322881,0.7212543554006968,0.7061556329849012,0.7456445993031359,0.7285207671433691,0.017208738815626127,97
2,3.449300241470337,0.13455154255530355,0.6674860954284668,0.17182990602515233,balanced,gini,100,sqrt,500,"{'class_weight': 'balanced', 'criterion': 'gini', 'max_depth': 100, 'max_features': 'sqrt', 'n_estimators': 500}",0.7122969837587007,0.7479674796747967,0.7119628339140535,0.7096399535423926,0.7456445993031359,0.725502370038616,0.017433921378048427,139
3,6.515128803253174,0.1737801229356053,0.9487010955810546,0.007438372527596016,balanced,gini,100,sqrt,1000,"{'class_weight': 'balanced', 'criterion': 'gini', 'max_depth': 100, 'max_features': 'sqrt', 'n_estimators': 1000}",0.7146171693735499,0.7502903600464577,0.7154471544715447,0.710801393728223,0.7468060394889663,0.7275924234217482,0.017217217098327447,127
4,0.12054758071899414,0.005446583785965527,0.11058254241943359,0.0014078713666243916,balanced,gini,100,log2,10,"{'class_weight': 'balanced', 'criterion': 'gini', 'max_depth': 100, 'max_features': 'log2', 'n_estimators': 10}",0.7099767981438515,0.727061556329849,0.7015098722415796,0.7015098722415796,0.7224157955865272,0.7124947789086773,0.01056687420632861,199
5,0.6349530220031738,0.03320214336944131,0.16009716987609862,0.056749048977739774,balanced,gini,100,log2,100,"{'class_weight': 'balanced', 'criterion': 'gini', 'max_depth': 100, 'max_features': 'log2', 'n_estimators': 100}",0.7180974477958236,0.7514518002322881,0.7212543554006968,0.7061556329849012,0.7456445993031359,0.7285207671433691,0.017208738815626127,97
6,3.2519887924194335,0.1855682021634468,0.4641838550567627,0.09240753133102322,balanced,gini,100,log2,500,"{'class_weight': 'balanced', 'criterion': 'gini', 'max_depth': 100, 'max_features': 'log2', 'n_estimators': 500}",0.7122969837587007,0.7479674796747967,0.7119628339140535,0.7096399535423926,0.7456445993031359,0.725502370038616,0.017433921378048427,139
7,6.969563913345337,0.5117558419083849,1.0940414428710938,0.08568603698717225,balanced,gini,100,log2,1000,"{'class_weight': 'balanced', 'criterion': 'gini', 'max_depth': 100, 'max_features': 'log2', 'n_estimators': 1000}",0.7146171693735499,0.7502903600464577,0.7154471544715447,0.710801393728223,0.7468060394889663,0.7275924234217482,0.017217217098327447,127
8,0.11965756416320801,0.0016397489854670046,0.11057953834533692,0.003833386100028812,balanced,gini,100,,10,"{'class_weight': 'balanced', 'criterion': 'gini', 'max_depth': 100, 'max_features': None, 'n_estimators': 10}",0.7134570765661253,0.7491289198606271,0.7061556329849012,0.6991869918699187,0.743321718931475,0.7222500680426095,0.020172953019906757,169
9,0.8962168216705322,0.06127813523821769,0.13675155639648437,0.04466162799343153,balanced,gini,100,,100,"{'class_weight': 'balanced', 'criterion': 'gini', 'max_depth': 100, 'max_features': None, 'n_estimators': 100}",0.7250580046403712,0.7572590011614402,0.7235772357723578,0.710801393728223,0.7398373983739838,0.7313066067352751,0.015909450942893727,91
10,4.496425342559815,0.27252331720921197,0.5667876720428466,0.06722685757478206,balanced,gini,100,,500,"{'class_weight': 'balanced', 'criterion': 'gini', 'max_depth': 100, 'max_features': None, 'n_estimators': 500}",0.7296983758700696,0.7560975609756098,0.7293844367015099,0.7142857142857143,0.7398373983739838,0.7338606972413774,0.013789422399046587,64
11,9.603568077087402,0.12052005411145127,0.7081108570098877,0.04233398997528826,balanced,gini,100,,1000,"{'class_weight': 'balanced', 'criterion': 'gini', 'max_depth': 100, 'max_features': None, 'n_estimators': 1000}",0.7296983758700696,0.7514518002322881,0.7247386759581882,0.7119628339140535,0.7409988385598142,0.7317701049068827,0.01355433284352072,79
12,0.1765195369720459,0.051064990349059355,0.13358240127563475,0.007013110756026909,balanced,gini,500,sqrt,10,"{'class_weight': 'balanced', 'criterion': 'gini', 'max_depth': 500, 'max_features': 'sqrt', 'n_estimators': 10}",0.7099767981438515,0.727061556329849,0.7015098722415796,0.7015098722415796,0.7224157955865272,0.7124947789086773,0.01056687420632861,199
13,0.9508487224578858,0.03263041716078965,0.23830757141113282,0.013101999809625954,balanced,gini,500,sqrt,100,"{'class_weight': 'balanced', 'criterion': 'gini', 'max_depth': 500, 'max_features': 'sqrt', 'n_estimators': 100}",0.7180974477958236,0.7514518002322881,0.7212543554006968,0.7061556329849012,0.7456445993031359,0.7285207671433691,0.017208738815626127,97
14,3.6846036434173586,0.5612065929326756,0.4579942226409912,0.0829417035087493,balanced,gini,500,sqrt,500,"{'class_weight': 'balanced', 'criterion': 'gini', 'max_depth': 500, 'max_features': 'sqrt', 'n_estimators': 500}",0.7122969837587007,0.7479674796747967,0.7119628339140535,0.7096399535423926,0.7456445993031359,0.725502370038616,0.017433921378048427,139
15,7.080361175537109,0.08815238049635366,0.9481110095977783,0.08411492508347018,balanced,gini,500,sqrt,1000,"{'class_weight': 'balanced', 'criterion': 'gini', 'max_depth': 500, 'max_features': 'sqrt', 'n_estimators': 1000}",0.7146171693735499,0.7502903600464577,0.7154471544715447,0.710801393728223,0.7468060394889663,0.7275924234217482,0.017217217098327447,127
16,0.1263338088989258,0.003691194410733787,0.11456198692321777,0.0016842386480291976,balanced,gini,500,log2,10,"{'class_weight': 'balanced', 'criterion': 'gini', 'max_depth': 500, 'max_features': 'log2', 'n_estimators': 10}",0.7099767981438515,0.727061556329849,0.7015098722415796,0.7015098722415796,0.7224157955865272,0.7124947789086773,0.01056687420632861,199
17,0.7373628139495849,0.020443710497811105,0.15760517120361328,0.04871857374871022,balanced,gini,500,log2,100,"{'class_weight': 'balanced', 'criterion': 'gini', 'max_depth': 500, 'max_features': 'log2', 'n_estimators': 100}",0.7180974477958236,0.7514518002322881,0.7212543554006968,0.7061556329849012,0.7456445993031359,0.7285207671433691,0.017208738815626127,97
18,3.6719692230224608,0.12551962782841228,0.44219350814819336,0.07982344378096205,balanced,gini,500,log2,500,"{'class_weight': 'balanced', 'criterion': 'gini', 'max_depth': 500, 'max_features': 'log2', 'n_estimators': 500}",0.7122969837587007,0.7479674796747967,0.7119628339140535,0.7096399535423926,0.7456445993031359,0.725502370038616,0.017433921378048427,139
19,7.35347728729248,0.12642120186165515,1.0113694190979003,0.12882961550661517,balanced,gini,500,log2,1000,"{'class_weight': 'balanced', 'criterion': 'gini', 'max_depth': 500, 'max_features': 'log2', 'n_estimators': 1000}",0.7146171693735499,0.7502903600464577,0.7154471544715447,0.710801393728223,0.7468060394889663,0.7275924234217482,0.017217217098327447,127
20,0.12644901275634765,0.0053893519970049444,0.11526150703430176,0.006819780274091322,balanced,gini,500,,10,"{'class_weight': 'balanced', 'criterion': 'gini', 'max_depth': 500, 'max_features': None, 'n_estimators': 10}",0.7134570765661253,0.7491289198606271,0.7061556329849012,0.6991869918699187,0.743321718931475,0.7222500680426095,0.020172953019906757,169
21,0.8818290710449219,0.061603241444940025,0.14983267784118653,0.05288054049946539,balanced,gini,500,,100,"{'class_weight': 'balanced', 'criterion': 'gini', 'max_depth': 500, 'max_features': None, 'n_estimators': 100}",0.7250580046403712,0.7572590011614402,0.7235772357723578,0.710801393728223,0.7398373983739838,0.7313066067352751,0.015909450942893727,91
22,4.468610620498657,0.32610982076485856,0.5461618900299072,0.007637869199101935,balanced,gini,500,,500,"{'class_weight': 'balanced', 'criterion': 'gini', 'max_depth': 500, 'max_features': None, 'n_estimators': 500}",0.7296983758700696,0.7560975609756098,0.7293844367015099,0.7142857142857143,0.7398373983739838,0.7338606972413774,0.013789422399046587,64
23,9.609430742263793,0.24238016413366623,0.6887572765350342,0.10508582948734287,balanced,gini,500,,1000,"{'class_weight': 'balanced', 'criterion': 'gini', 'max_depth': 500, 'max_features': None, 'n_estimators': 1000}",0.7296983758700696,0.7514518002322881,0.7247386759581882,0.7119628339140535,0.7409988385598142,0.7317701049068827,0.01355433284352072,79
24,0.1497640609741211,0.014063405262162453,0.14171414375305175,0.008287075598689814,balanced,gini,,sqrt,10,"{'class_weight': 'balanced', 'criterion': 'gini', 'max_depth': None, 'max_features': 'sqrt', 'n_estimators': 10}",0.7099767981438515,0.727061556329849,0.7015098722415796,0.7015098722415796,0.7224157955865272,0.7124947789086773,0.01056687420632861,199
25,0.9364213943481445,0.05957814403075841,0.1670605182647705,0.05457660799338555,balanced,gini,,sqrt,100,"{'class_weight': 'balanced', 'criterion': 'gini', 'max_depth': None, 'max_features': 'sqrt', 'n_estimators': 100}",0.7180974477958236,0.7514518002322881,0.7212543554006968,0.7061556329849012,0.7456445993031359,0.7285207671433691,0.017208738815626127,97
26,3.6030961990356447,0.4832974792013405,0.3562454700469971,0.0537486188799769,balanced,gini,,sqrt,500,"{'class_weight': 'balanced', 'criterion': 'gini', 'max_depth': None, 'max_features': 'sqrt', 'n_estimators': 500}",0.7122969837587007,0.7479674796747967,0.7119628339140535,0.7096399535423926,0.7456445993031359,0.725502370038616,0.017433921378048427,139
27,6.129534149169922,0.03384801765220777,0.7833130836486817,0.05160678341569104,balanced,gini,,sqrt,1000,"{'class_weight': 'balanced', 'criterion': 'gini', 'max_depth': None, 'max_features': 'sqrt', 'n_estimators': 1000}",0.7146171693735499,0.7502903600464577,0.7154471544715447,0.710801393728223,0.7468060394889663,0.7275924234217482,0.017217217098327447,127
28,0.13660526275634766,0.027672021109107662,0.11310801506042481,0.0012429115073384575,balanced,gini,,log2,10,"{'class_weight': 'balanced', 'criterion': 'gini', 'max_depth': None, 'max_features': 'log2', 'n_estimators': 10}",0.7099767981438515,0.727061556329849,0.7015098722415796,0.7015098722415796,0.7224157955865272,0.7124947789086773,0.01056687420632861,199
29,0.6583844661712647,0.04850551431743314,0.13826794624328614,0.043683248398438186,balanced,gini,,log2,100,"{'class_weight': 'balanced', 'criterion': 'gini', 'max_depth': None, 'max_features': 'log2', 'n_estimators': 100}",0.7180974477958236,0.7514518002322881,0.7212543554006968,0.7061556329849012,0.7456445993031359,0.7285207671433691,0.017208738815626127,97
30,2.9577451229095457,0.110835529592729,0.39873971939086916,0.10366464772668159,balanced,gini,,log2,500,"{'class_weight': 'balanced', 'criterion': 'gini', 'max_depth': None, 'max_features': 'log2', 'n_estimators': 500}",0.7122969837587007,0.7479674796747967,0.7119628339140535,0.7096399535423926,0.7456445993031359,0.725502370038616,0.017433921378048427,139
31,6.664513206481933,0.05032778213996477,0.9096635341644287,0.04854654122046536,balanced,gini,,log2,1000,"{'class_weight': 'balanced', 'criterion': 'gini', 'max_depth': None, 'max_features': 'log2', 'n_estimators': 1000}",0.7146171693735499,0.7502903600464577,0.7154471544715447,0.710801393728223,0.7468060394889663,0.7275924234217482,0.017217217098327447,127
32,0.1258725643157959,0.0016404948404559444,0.11601428985595703,0.004163038980887754,balanced,gini,,,10,"{'class_weight': 'balanced', 'criterion': 'gini', 'max_depth': None, 'max_features': None, 'n_estimators': 10}",0.7134570765661253,0.7491289198606271,0.7061556329849012,0.6991869918699187,0.743321718931475,0.7222500680426095,0.020172953019906757,169
33,0.814433240890503,0.06669548411879243,0.1152984619140625,0.004082280742423306,balanced,gini,,,100,"{'class_weight': 'balanced', 'criterion': 'gini', 'max_depth': None, 'max_features': None, 'n_estimators': 100}",0.7250580046403712,0.7572590011614402,0.7235772357723578,0.710801393728223,0.7398373983739838,0.7313066067352751,0.015909450942893727,91
34,4.5001466274261475,0.4839396975952943,0.5475849151611328,0.04751512538707999,balanced,gini,,,500,"{'class_weight': 'balanced', 'criterion': 'gini', 'max_depth': None, 'max_features': None, 'n_estimators': 500}",0.7296983758700696,0.7560975609756098,0.7293844367015099,0.7142857142857143,0.7398373983739838,0.7338606972413774,0.013789422399046587,64
35,9.841956233978271,0.20947465408688168,0.8867174625396729,0.0924355565198102,balanced,gini,,,1000,"{'class_weight': 'balanced', 'criterion': 'gini', 'max_depth': None, 'max_features': None, 'n_estimators': 1000}",0.7296983758700696,0.7514518002322881,0.7247386759581882,0.7119628339140535,0.7409988385598142,0.7317701049068827,0.01355433284352072,79
36,0.23332934379577636,0.07009947098624235,0.14004788398742676,0.007700675827025792,balanced,entropy,100,sqrt,10,"{'class_weight': 'balanced', 'criterion': 'entropy', 'max_depth': 100, 'max_features': 'sqrt', 'n_estimators': 10}",0.7192575406032483,0.7247386759581882,0.7003484320557491,0.6910569105691057,0.727061556329849,0.7124926231032281,0.014247490183983259,205
37,1.049536657333374,0.06591125771413793,0.20205039978027345,0.06527180664921732,balanced,entropy,100,sqrt,100,"{'class_weight': 'balanced', 'criterion': 'entropy', 'max_depth': 100, 'max_features': 'sqrt', 'n_estimators': 100}",0.7122969837587007,0.7479674796747967,0.7154471544715447,0.7131242740998839,0.7409988385598142,0.725966946112948,0.015313062260177762,133
38,4.06656289100647,0.31275691377857767,0.450225305557251,0.053487894137389476,balanced,entropy,100,sqrt,500,"{'class_weight': 'balanced', 'criterion': 'entropy', 'max_depth': 100, 'max_features': 'sqrt', 'n_estimators': 500}",0.7146171693735499,0.7502903600464577,0.7200929152148664,0.7154471544715447,0.7386759581881533,0.7278247114589144,0.01421181677414634,115
39,8.014699554443359,0.06176321644614001,0.7814175605773925,0.11833879884539052,balanced,entropy,100,sqrt,1000,"{'class_weight': 'balanced', 'criterion': 'entropy', 'max_depth': 100, 'max_features': 'sqrt', 'n_estimators': 1000}",0.7134570765661253,0.7537746806039489,0.7166085946573751,0.7131242740998839,0.7409988385598142,0.7275926928974294,0.016703427357878258,121
40,0.13207173347473145,0.01095935886851359,0.12789993286132811,0.007291431754468022,balanced,entropy,100,log2,10,"{'class_weight': 'balanced', 'criterion': 'entropy', 'max_depth': 100, 'max_features': 'log2', 'n_estimators': 10}",0.7192575406032483,0.7247386759581882,0.7003484320557491,0.6910569105691057,0.727061556329849,0.7124926231032281,0.014247490183983259,205
41,0.893195915222168,0.05171934470349092,0.1866981029510498,0.050911775628085305,balanced,entropy,100,log2,100,"{'class_weight': 'balanced', 'criterion': 'entropy', 'max_depth': 100, 'max_features': 'log2', 'n_estimators': 100}",0.7122969837587007,0.7479674796747967,0.7154471544715447,0.7131242740998839,0.7409988385598142,0.725966946112948,0.015313062260177762,133
42,3.9696674823760985,0.18460817851275707,0.4130706310272217,0.12495708074999634,balanced,entropy,100,log2,500,"{'class_weight': 'balanced', 'criterion': 'entropy', 'max_depth': 100, 'max_features': 'log2', 'n_estimators': 500}",0.7146171693735499,0.7502903600464577,0.7200929152148664,0.7154471544715447,0.7386759581881533,0.7278247114589144,0.01421181677414634,115
43,9.19850559234619,0.0979075210796363,1.0711745262145995,0.048609263299217165,balanced,entropy,100,log2,1000,"{'class_weight': 'balanced', 'criterion': 'entropy', 'max_depth': 100, 'max_features': 'log2', 'n_estimators': 1000}",0.7134570765661253,0.7537746806039489,0.7166085946573751,0.7131242740998839,0.7409988385598142,0.7275926928974294,0.016703427357878258,121
44,0.15109605789184571,0.045849375865552586,0.12455964088439941,0.005824701217456441,balanced,entropy,100,,10,"{'class_weight': 'balanced', 'criterion': 'entropy', 'max_depth': 100, 'max_features': None, 'n_estimators': 10}",0.7157772621809745,0.7468060394889663,0.7073170731707317,0.7003484320557491,0.727061556329849,0.7194620726452541,0.016320874804991562,178
45,1.0697095394134521,0.11859583947655408,0.16894903182983398,0.05296885849143446,balanced,entropy,100,,100,"{'class_weight': 'balanced', 'criterion': 'entropy', 'max_depth': 100, 'max_features': None, 'n_estimators': 100}",0.7250580046403712,0.7526132404181185,0.7328687572590011,0.7073170731707317,0.7468060394889663,0.7329326229954377,0.016111911576427402,75
46,6.124038028717041,0.862057081078748,0.7781629085540771,0.07225571894741377,balanced,entropy,100,,500,"{'class_weight': 'balanced', 'criterion': 'entropy', 'max_depth': 100, 'max_features': None, 'n_estimators': 500}",0.7215777262180975,0.7584204413472706,0.7363530778164924,0.7166085946573751,0.7363530778164924,0.7338625835711456,0.014588429355800089,61
47,13.75623893737793,0.29708975984074104,0.8698466777801513,0.21026449539791817,balanced,entropy,100,,1000,"{'class_weight': 'balanced', 'criterion': 'entropy', 'max_depth': 100, 'max_features': None, 'n_estimators': 1000}",0.7192575406032483,0.7560975609756098,0.7363530778164924,0.7154471544715447,0.7398373983739838,0.7333985464481758,0.014748924370613837,70
48,0.30832247734069823,0.017707213555886336,0.19797258377075194,0.0313543920679208,balanced,entropy,500,sqrt,10,"{'class_weight': 'balanced', 'criterion': 'entropy', 'max_depth': 500, 'max_features': 'sqrt', 'n_estimators': 10}",0.7192575406032483,0.7247386759581882,0.7003484320557491,0.6910569105691057,0.727061556329849,0.7124926231032281,0.014247490183983259,205
49,1.3025527477264405,0.08472944903752817,0.2940799713134766,0.03680034805413734,balanced,entropy,500,sqrt,100,"{'class_weight': 'balanced', 'criterion': 'entropy', 'max_depth': 500, 'max_features': 'sqrt', 'n_estimators': 100}",0.7122969837587007,0.7479674796747967,0.7154471544715447,0.7131242740998839,0.7409988385598142,0.725966946112948,0.015313062260177762,133
50,4.774544525146484,0.740099351299437,0.40023055076599123,0.10669779099931838,balanced,entropy,500,sqrt,500,"{'class_weight': 'balanced', 'criterion': 'entropy', 'max_depth': 500, 'max_features': 'sqrt', 'n_estimators': 500}",0.7146171693735499,0.7502903600464577,0.7200929152148664,0.7154471544715447,0.7386759581881533,0.7278247114589144,0.01421181677414634,115
51,8.021077537536621,0.07484048282871457,0.8259014129638672,0.008306461439235267,balanced,entropy,500,sqrt,1000,"{'class_weight': 'balanced', 'criterion': 'entropy', 'max_depth': 500, 'max_features': 'sqrt', 'n_estimators': 1000}",0.7134570765661253,0.7537746806039489,0.7166085946573751,0.7131242740998839,0.7409988385598142,0.7275926928974294,0.016703427357878258,121
52,0.13398056030273436,0.009854029878602295,0.12314095497131347,0.006189943432474939,balanced,entropy,500,log2,10,"{'class_weight': 'balanced', 'criterion': 'entropy', 'max_depth': 500, 'max_features': 'log2', 'n_estimators': 10}",0.7192575406032483,0.7247386759581882,0.7003484320557491,0.6910569105691057,0.727061556329849,0.7124926231032281,0.014247490183983259,205
53,0.8827916145324707,0.042471743775044264,0.1618504047393799,0.05249909229350755,balanced,entropy,500,log2,100,"{'class_weight': 'balanced', 'criterion': 'entropy', 'max_depth': 500, 'max_features': 'log2', 'n_estimators': 100}",0.7122969837587007,0.7479674796747967,0.7154471544715447,0.7131242740998839,0.7409988385598142,0.725966946112948,0.015313062260177762,133
54,3.849463939666748,0.19165571001165746,0.35118794441223145,0.14591972951452356,balanced,entropy,500,log2,500,"{'class_weight': 'balanced', 'criterion': 'entropy', 'max_depth': 500, 'max_features': 'log2', 'n_estimators': 500}",0.7146171693735499,0.7502903600464577,0.7200929152148664,0.7154471544715447,0.7386759581881533,0.7278247114589144,0.01421181677414634,115
55,9.128367519378662,0.1574708809519641,1.0594241142272949,0.07527007313681965,balanced,entropy,500,log2,1000,"{'class_weight': 'balanced', 'criterion': 'entropy', 'max_depth': 500, 'max_features': 'log2', 'n_estimators': 1000}",0.7134570765661253,0.7537746806039489,0.7166085946573751,0.7131242740998839,0.7409988385598142,0.7275926928974294,0.016703427357878258,121
56,0.12982029914855958,0.010338775168129725,0.12191948890686036,0.008917342662983021,balanced,entropy,500,,10,"{'class_weight': 'balanced', 'criterion': 'entropy', 'max_depth': 500, 'max_features': None, 'n_estimators': 10}",0.7157772621809745,0.7468060394889663,0.7073170731707317,0.7003484320557491,0.727061556329849,0.7194620726452541,0.016320874804991562,178
57,1.1244235992431642,0.0605932493378915,0.19716434478759765,0.053917858872777724,balanced,entropy,500,,100,"{'class_weight': 'balanced', 'criterion': 'entropy', 'max_depth': 500, 'max_features': None, 'n_estimators': 100}",0.7250580046403712,0.7526132404181185,0.7328687572590011,0.7073170731707317,0.7468060394889663,0.7329326229954377,0.016111911576427402,75
58,6.16229100227356,0.9866088574647256,0.7273627758026123,0.07450311492417994,balanced,entropy,500,,500,"{'class_weight': 'balanced', 'criterion': 'entropy', 'max_depth': 500, 'max_features': None, 'n_estimators': 500}",0.7215777262180975,0.7584204413472706,0.7363530778164924,0.7166085946573751,0.7363530778164924,0.7338625835711456,0.014588429355800089,61
59,13.55636911392212,0.18809364982679025,0.9096428394317627,0.15595402462504648,balanced,entropy,500,,1000,"{'class_weight': 'balanced', 'criterion': 'entropy', 'max_depth': 500, 'max_features': None, 'n_estimators': 1000}",0.7192575406032483,0.7560975609756098,0.7363530778164924,0.7154471544715447,0.7398373983739838,0.7333985464481758,0.014748924370613837,70
60,0.3116579055786133,0.048935458107764056,0.18666181564331055,0.03447716462134319,balanced,entropy,,sqrt,10,"{'class_weight': 'balanced', 'criterion': 'entropy', 'max_depth': None, 'max_features': 'sqrt', 'n_estimators': 10}",0.7192575406032483,0.7247386759581882,0.7003484320557491,0.6910569105691057,0.727061556329849,0.7124926231032281,0.014247490183983259,205
61,1.3197689533233643,0.030434424536536,0.31371541023254396,0.055098150993200416,balanced,entropy,,sqrt,100,"{'class_weight': 'balanced', 'criterion': 'entropy', 'max_depth': None, 'max_features': 'sqrt', 'n_estimators': 100}",0.7122969837587007,0.7479674796747967,0.7154471544715447,0.7131242740998839,0.7409988385598142,0.725966946112948,0.015313062260177762,133
62,4.594083976745606,0.9543729406279869,0.44666495323181155,0.0455874312949645,balanced,entropy,,sqrt,500,"{'class_weight': 'balanced', 'criterion': 'entropy', 'max_depth': None, 'max_features': 'sqrt', 'n_estimators': 500}",0.7146171693735499,0.7502903600464577,0.7200929152148664,0.7154471544715447,0.7386759581881533,0.7278247114589144,0.01421181677414634,115
63,7.662748003005982,0.08932031000135991,0.6861998081207276,0.05242285272424309,balanced,entropy,,sqrt,1000,"{'class_weight': 'balanced', 'criterion': 'entropy', 'max_depth': None, 'max_features': 'sqrt', 'n_estimators': 1000}",0.7134570765661253,0.7537746806039489,0.7166085946573751,0.7131242740998839,0.7409988385598142,0.7275926928974294,0.016703427357878258,121
64,0.13603587150573732,0.007822255895661183,0.12629218101501466,0.010064550454455591,balanced,entropy,,log2,10,"{'class_weight': 'balanced', 'criterion': 'entropy', 'max_depth': None, 'max_features': 'log2', 'n_estimators': 10}",0.7192575406032483,0.7247386759581882,0.7003484320557491,0.6910569105691057,0.727061556329849,0.7124926231032281,0.014247490183983259,205
65,0.8334076404571533,0.02793393588577929,0.1594829559326172,0.05165543743905669,balanced,entropy,,log2,100,"{'class_weight': 'balanced', 'criterion': 'entropy', 'max_depth': None, 'max_features': 'log2', 'n_estimators': 100}",0.7122969837587007,0.7479674796747967,0.7154471544715447,0.7131242740998839,0.7409988385598142,0.725966946112948,0.015313062260177762,133
66,3.849906492233276,0.1665840785252503,0.4138319969177246,0.13885207205023198,balanced,entropy,,log2,500,"{'class_weight': 'balanced', 'criterion': 'entropy', 'max_depth': None, 'max_features': 'log2', 'n_estimators': 500}",0.7146171693735499,0.7502903600464577,0.7200929152148664,0.7154471544715447,0.7386759581881533,0.7278247114589144,0.01421181677414634,115
67,9.03318395614624,0.08510099318256403,0.9518778324127197,0.10030322469787892,balanced,entropy,,log2,1000,"{'class_weight': 'balanced', 'criterion': 'entropy', 'max_depth': None, 'max_features': 'log2', 'n_estimators': 1000}",0.7134570765661253,0.7537746806039489,0.7166085946573751,0.7131242740998839,0.7409988385598142,0.7275926928974294,0.016703427357878258,121
68,0.12764592170715333,0.007708384115532621,0.12522473335266113,0.0037711833275107637,balanced,entropy,,,10,"{'class_weight': 'balanced', 'criterion': 'entropy', 'max_depth': None, 'max_features': None, 'n_estimators': 10}",0.7157772621809745,0.7468060394889663,0.7073170731707317,0.7003484320557491,0.727061556329849,0.7194620726452541,0.016320874804991562,178
69,1.0179929256439209,0.11061982102405828,0.1522739887237549,0.041093133197323335,balanced,entropy,,,100,"{'class_weight': 'balanced', 'criterion': 'entropy', 'max_depth': None, 'max_features': None, 'n_estimators': 100}",0.7250580046403712,0.7526132404181185,0.7328687572590011,0.7073170731707317,0.7468060394889663,0.7329326229954377,0.016111911576427402,75
70,5.945403528213501,1.0045044134579917,0.7132171630859375,0.09699916420086883,balanced,entropy,,,500,"{'class_weight': 'balanced', 'criterion': 'entropy', 'max_depth': None, 'max_features': None, 'n_estimators': 500}",0.7215777262180975,0.7584204413472706,0.7363530778164924,0.7166085946573751,0.7363530778164924,0.7338625835711456,0.014588429355800089,61
71,12.79407057762146,0.2126715038618069,0.7925068855285644,0.06464076647886476,balanced,entropy,,,1000,"{'class_weight': 'balanced', 'criterion': 'entropy', 'max_depth': None, 'max_features': None, 'n_estimators': 1000}",0.7192575406032483,0.7560975609756098,0.7363530778164924,0.7154471544715447,0.7398373983739838,0.7333985464481758,0.014748924370613837,70
72,0.31367878913879393,0.039849319344272244,0.1973261833190918,0.020983494404739653,balanced_subsample,gini,100,sqrt,10,"{'class_weight': 'balanced_subsample', 'criterion': 'gini', 'max_depth': 100, 'max_features': 'sqrt', 'n_estimators': 10}",0.7146171693735499,0.7305458768873403,0.7038327526132404,0.6910569105691057,0.7154471544715447,0.7110999727829561,0.013144950960964383,211
73,1.365931749343872,0.13279985714719947,0.27470712661743163,0.01629922577776865,balanced_subsample,gini,100,sqrt,100,"{'class_weight': 'balanced_subsample', 'criterion': 'gini', 'max_depth': 100, 'max_features': 'sqrt', 'n_estimators': 100}",0.7146171693735499,0.7468060394889663,0.710801393728223,0.7038327526132404,0.7421602787456446,0.7236435267899248,0.0174254663110351,163
74,4.679413604736328,0.7101095246763454,0.41858644485473634,0.003237755313915807,balanced_subsample,gini,100,sqrt,500,"{'class_weight': 'balanced_subsample', 'criterion': 'gini', 'max_depth': 100, 'max_features': 'sqrt', 'n_estimators': 500}",0.7076566125290024,0.7560975609756098,0.7142857142857143,0.7073170731707317,0.7386759581881533,0.7248065838298423,0.01940194830684411,157
75,7.935517930984497,0.04597691693441414,0.7084140777587891,0.07909088373440636,balanced_subsample,gini,100,sqrt,1000,"{'class_weight': 'balanced_subsample', 'criterion': 'gini', 'max_depth': 100, 'max_features': 'sqrt', 'n_estimators': 1000}",0.7111368909512761,0.7514518002322881,0.7166085946573751,0.7084785133565621,0.7386759581881533,0.7252703514771309,0.016863719134979693,151
76,0.11825728416442871,0.001477076984278512,0.10986499786376953,0.0015471277948363848,balanced_subsample,gini,100,log2,10,"{'class_weight': 'balanced_subsample', 'criterion': 'gini', 'max_depth': 100, 'max_features': 'log2', 'n_estimators': 10}",0.7146171693735499,0.7305458768873403,0.7038327526132404,0.6910569105691057,0.7154471544715447,0.7110999727829561,0.013144950960964383,211
77,0.8526700973510742,0.02742350812398587,0.11176462173461914,0.0021604614054769075,balanced_subsample,gini,100,log2,100,"{'class_weight': 'balanced_subsample', 'criterion': 'gini', 'max_depth': 100, 'max_features': 'log2', 'n_estimators': 100}",0.7146171693735499,0.7468060394889663,0.710801393728223,0.7038327526132404,0.7421602787456446,0.7236435267899248,0.0174254663110351,163
78,4.058666944503784,0.09141831453684504,0.37705087661743164,0.08620747094564897,balanced_subsample,gini,100,log2,500,"{'class_weight': 'balanced_subsample', 'criterion': 'gini', 'max_depth': 100, 'max_features': 'log2', 'n_estimators': 500}",0.7076566125290024,0.7560975609756098,0.7142857142857143,0.7073170731707317,0.7386759581881533,0.7248065838298423,0.01940194830684411,157
79,8.945326089859009,0.15177971420921071,0.8807308197021484,0.046160944977217025,balanced_subsample,gini,100,log2,1000,"{'class_weight': 'balanced_subsample', 'criterion': 'gini', 'max_depth': 100, 'max_features': 'log2', 'n_estimators': 1000}",0.7111368909512761,0.7514518002322881,0.7166085946573751,0.7084785133565621,0.7386759581881533,0.7252703514771309,0.016863719134979693,151
80,0.11876697540283203,0.0017920648173634546,0.11425814628601075,0.003270546149119862,balanced_subsample,gini,100,,10,"{'class_weight': 'balanced_subsample', 'criterion': 'gini', 'max_depth': 100, 'max_features': None, 'n_estimators': 10}",0.7122969837587007,0.743321718931475,0.7166085946573751,0.6945412311265969,0.7409988385598142,0.7215534734067924,0.018394425234906725,172
81,1.0046574115753173,0.03448350423975604,0.11533823013305664,0.002092082966586612,balanced_subsample,gini,100,,100,"{'class_weight': 'balanced_subsample', 'criterion': 'gini', 'max_depth': 100, 'max_features': None, 'n_estimators': 100}",0.7296983758700696,0.7502903600464577,0.7247386759581882,0.710801393728223,0.7398373983739838,0.7310732407953845,0.013409495733444814,94
82,5.293912935256958,0.35496784926100844,0.430509090423584,0.07414108428599459,balanced_subsample,gini,100,,500,"{'class_weight': 'balanced_subsample', 'criterion': 'gini', 'max_depth': 100, 'max_features': None, 'n_estimators': 500}",0.7273781902552204,0.7549361207897793,0.7317073170731707,0.7154471544715447,0.7386759581881533,0.7336289481555738,0.013059940105889333,67
83,11.700156021118165,0.08098328793512287,0.6164478302001953,0.0018360903074762433,balanced_subsample,gini,100,,1000,"{'class_weight': 'balanced_subsample', 'criterion': 'gini', 'max_depth': 100, 'max_features': None, 'n_estimators': 1000}",0.7238979118329466,0.7526132404181185,0.7259001161440186,0.7142857142857143,0.7398373983739838,0.7313068762109564,0.01342070583064469,88
84,0.16639556884765624,0.042946835539892356,0.1318880558013916,0.006157634087397085,balanced_subsample,gini,500,sqrt,10,"{'class_weight': 'balanced_subsample', 'criterion': 'gini', 'max_depth': 500, 'max_features': 'sqrt', 'n_estimators': 10}",0.7146171693735499,0.7305458768873403,0.7038327526132404,0.6910569105691057,0.7154471544715447,0.7110999727829561,0.013144950960964383,211
85,1.1420382022857667,0.08027308760618972,0.19762282371520995,0.050651655604588355,balanced_subsample,gini,500,sqrt,100,"{'class_weight': 'balanced_subsample', 'criterion': 'gini', 'max_depth': 500, 'max_features': 'sqrt', 'n_estimators': 100}",0.7146171693735499,0.7468060394889663,0.710801393728223,0.7038327526132404,0.7421602787456446,0.7236435267899248,0.0174254663110351,163
86,4.496359395980835,0.6979129478067028,0.40550990104675294,0.04659120782276222,balanced_subsample,gini,500,sqrt,500,"{'class_weight': 'balanced_subsample', 'criterion': 'gini', 'max_depth': 500, 'max_features': 'sqrt', 'n_estimators': 500}",0.7076566125290024,0.7560975609756098,0.7142857142857143,0.7073170731707317,0.7386759581881533,0.7248065838298423,0.01940194830684411,157
87,7.84666862487793,0.07044013165285329,0.6580621719360351,0.05096684817651328,balanced_subsample,gini,500,sqrt,1000,"{'class_weight': 'balanced_subsample', 'criterion': 'gini', 'max_depth': 500, 'max_features': 'sqrt', 'n_estimators': 1000}",0.7111368909512761,0.7514518002322881,0.7166085946573751,0.7084785133565621,0.7386759581881533,0.7252703514771309,0.016863719134979693,151
88,0.13658809661865234,0.04058663836820748,0.10839238166809081,0.000572171520231227,balanced_subsample,gini,500,log2,10,"{'class_weight': 'balanced_subsample', 'criterion': 'gini', 'max_depth': 500, 'max_features': 'log2', 'n_estimators': 10}",0.7146171693735499,0.7305458768873403,0.7038327526132404,0.6910569105691057,0.7154471544715447,0.7110999727829561,0.013144950960964383,211
89,0.848657751083374,0.019360827406702513,0.1106799602508545,0.0025840607018440325,balanced_subsample,gini,500,log2,100,"{'class_weight': 'balanced_subsample', 'criterion': 'gini', 'max_depth': 500, 'max_features': 'log2', 'n_estimators': 100}",0.7146171693735499,0.7468060394889663,0.710801393728223,0.7038327526132404,0.7421602787456446,0.7236435267899248,0.0174254663110351,163
90,3.920221757888794,0.051705709431954155,0.3350121021270752,0.08103464464670261,balanced_subsample,gini,500,log2,500,"{'class_weight': 'balanced_subsample', 'criterion': 'gini', 'max_depth': 500, 'max_features': 'log2', 'n_estimators': 500}",0.7076566125290024,0.7560975609756098,0.7142857142857143,0.7073170731707317,0.7386759581881533,0.7248065838298423,0.01940194830684411,157
91,8.7430588722229,0.12762832101106766,0.8352716445922852,0.004164261228018036,balanced_subsample,gini,500,log2,1000,"{'class_weight': 'balanced_subsample', 'criterion': 'gini', 'max_depth': 500, 'max_features': 'log2', 'n_estimators': 1000}",0.7111368909512761,0.7514518002322881,0.7166085946573751,0.7084785133565621,0.7386759581881533,0.7252703514771309,0.016863719134979693,151
92,0.14322280883789062,0.04687615661463856,0.1100236415863037,0.0018391816862762082,balanced_subsample,gini,500,,10,"{'class_weight': 'balanced_subsample', 'criterion': 'gini', 'max_depth': 500, 'max_features': None, 'n_estimators': 10}",0.7122969837587007,0.743321718931475,0.7166085946573751,0.6945412311265969,0.7409988385598142,0.7215534734067924,0.018394425234906725,172
93,0.9653309345245361,0.0464077551731243,0.11631207466125489,0.004224866994739259,balanced_subsample,gini,500,,100,"{'class_weight': 'balanced_subsample', 'criterion': 'gini', 'max_depth': 500, 'max_features': None, 'n_estimators': 100}",0.7296983758700696,0.7502903600464577,0.7247386759581882,0.710801393728223,0.7398373983739838,0.7310732407953845,0.013409495733444814,94
94,5.371536779403686,0.46747291268585633,0.4990192413330078,0.04828214297455426,balanced_subsample,gini,500,,500,"{'class_weight': 'balanced_subsample', 'criterion': 'gini', 'max_depth': 500, 'max_features': None, 'n_estimators': 500}",0.7273781902552204,0.7549361207897793,0.7317073170731707,0.7154471544715447,0.7386759581881533,0.7336289481555738,0.013059940105889333,67
95,11.591531467437743,0.13136584728807818,0.7297413349151611,0.06462504650737534,balanced_subsample,gini,500,,1000,"{'class_weight': 'balanced_subsample', 'criterion': 'gini', 'max_depth': 500, 'max_features': None, 'n_estimators': 1000}",0.7238979118329466,0.7526132404181185,0.7259001161440186,0.7142857142857143,0.7398373983739838,0.7313068762109564,0.01342070583064469,88
96,0.13791451454162598,0.003349361137463376,0.12795166969299315,0.005943593401143367,balanced_subsample,gini,,sqrt,10,"{'class_weight': 'balanced_subsample', 'criterion': 'gini', 'max_depth': None, 'max_features': 'sqrt', 'n_estimators': 10}",0.7146171693735499,0.7305458768873403,0.7038327526132404,0.6910569105691057,0.7154471544715447,0.7110999727829561,0.013144950960964383,211
97,1.1352982997894288,0.08138316513332602,0.1635641098022461,0.04565829188445079,balanced_subsample,gini,,sqrt,100,"{'class_weight': 'balanced_subsample', 'criterion': 'gini', 'max_depth': None, 'max_features': 'sqrt', 'n_estimators': 100}",0.7146171693735499,0.7468060394889663,0.710801393728223,0.7038327526132404,0.7421602787456446,0.7236435267899248,0.0174254663110351,163
98,4.594222545623779,0.5282772234471869,0.3760854244232178,0.052046816116078004,balanced_subsample,gini,,sqrt,500,"{'class_weight': 'balanced_subsample', 'criterion': 'gini', 'max_depth': None, 'max_features': 'sqrt', 'n_estimators': 500}",0.7076566125290024,0.7560975609756098,0.7142857142857143,0.7073170731707317,0.7386759581881533,0.7248065838298423,0.01940194830684411,157
99,8.106413173675538,0.07104406994327102,0.6623185634613037,0.055139267860744946,balanced_subsample,gini,,sqrt,1000,"{'class_weight': 'balanced_subsample', 'criterion': 'gini', 'max_depth': None, 'max_features': 'sqrt', 'n_estimators': 1000}",0.7111368909512761,0.7514518002322881,0.7166085946573751,0.7084785133565621,0.7386759581881533,0.7252703514771309,0.016863719134979693,151
100,0.11955242156982422,0.0031483173619522736,0.11138224601745605,0.0014230774117055414,balanced_subsample,gini,,log2,10,"{'class_weight': 'balanced_subsample', 'criterion': 'gini', 'max_depth': None, 'max_features': 'log2', 'n_estimators': 10}",0.7146171693735499,0.7305458768873403,0.7038327526132404,0.6910569105691057,0.7154471544715447,0.7110999727829561,0.013144950960964383,211
101,0.8736488342285156,0.03965071416019585,0.11139311790466308,0.0029475252865968538,balanced_subsample,gini,,log2,100,"{'class_weight': 'balanced_subsample', 'criterion': 'gini', 'max_depth': None, 'max_features': 'log2', 'n_estimators': 100}",0.7146171693735499,0.7468060394889663,0.710801393728223,0.7038327526132404,0.7421602787456446,0.7236435267899248,0.0174254663110351,163
102,4.058615732192993,0.05949019834746048,0.35932149887084963,0.05409716056014012,balanced_subsample,gini,,log2,500,"{'class_weight': 'balanced_subsample', 'criterion': 'gini', 'max_depth': None, 'max_features': 'log2', 'n_estimators': 500}",0.7076566125290024,0.7560975609756098,0.7142857142857143,0.7073170731707317,0.7386759581881533,0.7248065838298423,0.01940194830684411,157
103,8.899001264572144,0.1331910122796592,0.8370660781860352,0.010680453203727614,balanced_subsample,gini,,log2,1000,"{'class_weight': 'balanced_subsample', 'criterion': 'gini', 'max_depth': None, 'max_features': 'log2', 'n_estimators': 1000}",0.7111368909512761,0.7514518002322881,0.7166085946573751,0.7084785133565621,0.7386759581881533,0.7252703514771309,0.016863719134979693,151
104,0.12097659111022949,0.0022905489101362323,0.11055822372436523,0.0014813780619127744,balanced_subsample,gini,,,10,"{'class_weight': 'balanced_subsample', 'criterion': 'gini', 'max_depth': None, 'max_features': None, 'n_estimators': 10}",0.7122969837587007,0.743321718931475,0.7166085946573751,0.6945412311265969,0.7409988385598142,0.7215534734067924,0.018394425234906725,172
105,0.9772129058837891,0.05866975722669944,0.11439547538757325,0.0021470940546029645,balanced_subsample,gini,,,100,"{'class_weight': 'balanced_subsample', 'criterion': 'gini', 'max_depth': None, 'max_features': None, 'n_estimators': 100}",0.7296983758700696,0.7502903600464577,0.7247386759581882,0.710801393728223,0.7398373983739838,0.7310732407953845,0.013409495733444814,94
106,5.417975521087646,0.546548332515497,0.4553689002990723,0.05628539166302432,balanced_subsample,gini,,,500,"{'class_weight': 'balanced_subsample', 'criterion': 'gini', 'max_depth': None, 'max_features': None, 'n_estimators': 500}",0.7273781902552204,0.7549361207897793,0.7317073170731707,0.7154471544715447,0.7386759581881533,0.7336289481555738,0.013059940105889333,67
107,11.869606637954712,0.182603862566013,0.7549275875091552,0.09296002421307935,balanced_subsample,gini,,,1000,"{'class_weight': 'balanced_subsample', 'criterion': 'gini', 'max_depth': None, 'max_features': None, 'n_estimators': 1000}",0.7238979118329466,0.7526132404181185,0.7259001161440186,0.7142857142857143,0.7398373983739838,0.7313068762109564,0.01342070583064469,88
108,0.2216954708099365,0.05069769307073911,0.13315105438232422,0.013198971920941252,balanced_subsample,entropy,100,sqrt,10,"{'class_weight': 'balanced_subsample', 'criterion': 'entropy', 'max_depth': 100, 'max_features': 'sqrt', 'n_estimators': 10}",0.7146171693735499,0.735191637630662,0.6957026713124274,0.7003484320557491,0.735191637630662,0.71621030960061,0.016704981956045604,193
109,1.1895321369171143,0.06555648382681802,0.17006511688232423,0.06305055589685264,balanced_subsample,entropy,100,sqrt,100,"{'class_weight': 'balanced_subsample', 'criterion': 'entropy', 'max_depth': 100, 'max_features': 'sqrt', 'n_estimators': 100}",0.7146171693735499,0.7421602787456446,0.7131242740998839,0.7119628339140535,0.7456445993031359,0.7255018310872535,0.015087870703577646,145
110,5.2410985946655275,0.25808386554014856,0.3803882598876953,0.09089856023582851,balanced_subsample,entropy,100,sqrt,500,"{'class_weight': 'balanced_subsample', 'criterion': 'entropy', 'max_depth': 100, 'max_features': 'sqrt', 'n_estimators': 500}",0.7134570765661253,0.7537746806039489,0.7200929152148664,0.7119628339140535,0.7409988385598142,0.7280572689717617,0.016519666300111063,103
111,10.021824216842651,0.1001484390706646,0.7744280338287354,0.052851533459924126,balanced_subsample,entropy,100,sqrt,1000,"{'class_weight': 'balanced_subsample', 'criterion': 'entropy', 'max_depth': 100, 'max_features': 'sqrt', 'n_estimators': 1000}",0.7134570765661253,0.7549361207897793,0.7154471544715447,0.7131242740998839,0.743321718931475,0.7280572689717617,0.01761051418591323,103
112,0.21368827819824218,0.04316930127217603,0.11708087921142578,0.0039228243594790204,balanced_subsample,entropy,100,log2,10,"{'class_weight': 'balanced_subsample', 'criterion': 'entropy', 'max_depth': 100, 'max_features': 'log2', 'n_estimators': 10}",0.7146171693735499,0.735191637630662,0.6957026713124274,0.7003484320557491,0.735191637630662,0.71621030960061,0.016704981956045604,193
113,1.0794577121734619,0.05211665526165491,0.16613430976867677,0.05999354915122791,balanced_subsample,entropy,100,log2,100,"{'class_weight': 'balanced_subsample', 'criterion': 'entropy', 'max_depth': 100, 'max_features': 'log2', 'n_estimators': 100}",0.7146171693735499,0.7421602787456446,0.7131242740998839,0.7119628339140535,0.7456445993031359,0.7255018310872535,0.015087870703577646,145
114,4.900987768173218,0.14217483310625104,0.40660738945007324,0.0426369647110215,balanced_subsample,entropy,100,log2,500,"{'class_weight': 'balanced_subsample', 'criterion': 'entropy', 'max_depth': 100, 'max_features': 'log2', 'n_estimators': 500}",0.7134570765661253,0.7537746806039489,0.7200929152148664,0.7119628339140535,0.7409988385598142,0.7280572689717617,0.016519666300111063,103
115,11.02829647064209,0.14276295028659694,1.0348466873168944,0.13299045570319817,balanced_subsample,entropy,100,log2,1000,"{'class_weight': 'balanced_subsample', 'criterion': 'entropy', 'max_depth': 100, 'max_features': 'log2', 'n_estimators': 1000}",0.7134570765661253,0.7549361207897793,0.7154471544715447,0.7131242740998839,0.743321718931475,0.7280572689717617,0.01761051418591323,103
116,0.2320035457611084,0.006349690413633858,0.11728849411010742,0.005128854166486643,balanced_subsample,entropy,100,,10,"{'class_weight': 'balanced_subsample', 'criterion': 'entropy', 'max_depth': 100, 'max_features': None, 'n_estimators': 10}",0.7111368909512761,0.743321718931475,0.7038327526132404,0.6991869918699187,0.7456445993031359,0.7206245907338092,0.019863098332890575,175
117,1.2997357845306396,0.11120907392304603,0.1214381217956543,0.005624521328126015,balanced_subsample,entropy,100,,100,"{'class_weight': 'balanced_subsample', 'criterion': 'entropy', 'max_depth': 100, 'max_features': None, 'n_estimators': 100}",0.7296983758700696,0.7560975609756098,0.7328687572590011,0.7154471544715447,0.743321718931475,0.73548671350154,0.013624513328753357,40
118,7.425370740890503,1.0315697294923356,0.6822291374206543,0.07155037945371762,balanced_subsample,entropy,100,,500,"{'class_weight': 'balanced_subsample', 'criterion': 'entropy', 'max_depth': 100, 'max_features': None, 'n_estimators': 500}",0.7215777262180975,0.7584204413472706,0.7398373983739838,0.7166085946573751,0.7375145180023229,0.7347917357198099,0.014808272354428335,52
119,15.98417615890503,0.2660913855413639,0.8380167007446289,0.20836810110846296,balanced_subsample,entropy,100,,1000,"{'class_weight': 'balanced_subsample', 'criterion': 'entropy', 'max_depth': 100, 'max_features': None, 'n_estimators': 1000}",0.7238979118329466,0.7572590011614402,0.7375145180023229,0.718931475029036,0.7398373983739838,0.7354880608799459,0.013456962479077333,37
120,0.31628756523132323,0.05214480814043472,0.17363176345825196,0.03235762625664555,balanced_subsample,entropy,500,sqrt,10,"{'class_weight': 'balanced_subsample', 'criterion': 'entropy', 'max_depth': 500, 'max_features': 'sqrt', 'n_estimators': 10}",0.7146171693735499,0.735191637630662,0.6957026713124274,0.7003484320557491,0.735191637630662,0.71621030960061,0.016704981956045604,193
121,1.542175531387329,0.084894162955468,0.2232288360595703,0.04590529519551553,balanced_subsample,entropy,500,sqrt,100,"{'class_weight': 'balanced_subsample', 'criterion': 'entropy', 'max_depth': 500, 'max_features': 'sqrt', 'n_estimators': 100}",0.7146171693735499,0.7421602787456446,0.7131242740998839,0.7119628339140535,0.7456445993031359,0.7255018310872535,0.015087870703577646,145
122,5.966520929336548,0.8633693983653182,0.4286962032318115,0.08808225724321557,balanced_subsample,entropy,500,sqrt,500,"{'class_weight': 'balanced_subsample', 'criterion': 'entropy', 'max_depth': 500, 'max_features': 'sqrt', 'n_estimators': 500}",0.7134570765661253,0.7537746806039489,0.7200929152148664,0.7119628339140535,0.7409988385598142,0.7280572689717617,0.016519666300111063,103
123,10.204478025436401,0.06440641890025695,0.7103583812713623,0.04083928755358542,balanced_subsample,entropy,500,sqrt,1000,"{'class_weight': 'balanced_subsample', 'criterion': 'entropy', 'max_depth': 500, 'max_features': 'sqrt', 'n_estimators': 1000}",0.7134570765661253,0.7549361207897793,0.7154471544715447,0.7131242740998839,0.743321718931475,0.7280572689717617,0.01761051418591323,103
124,0.1493671417236328,0.04330068307406371,0.11667208671569824,0.003974318623832414,balanced_subsample,entropy,500,log2,10,"{'class_weight': 'balanced_subsample', 'criterion': 'entropy', 'max_depth': 500, 'max_features': 'log2', 'n_estimators': 10}",0.7146171693735499,0.735191637630662,0.6957026713124274,0.7003484320557491,0.735191637630662,0.71621030960061,0.016704981956045604,193
125,1.0771034717559815,0.08108973664174578,0.11462531089782715,0.003392872871451374,balanced_subsample,entropy,500,log2,100,"{'class_weight': 'balanced_subsample', 'criterion': 'entropy', 'max_depth': 500, 'max_features': 'log2', 'n_estimators': 100}",0.7146171693735499,0.7421602787456446,0.7131242740998839,0.7119628339140535,0.7456445993031359,0.7255018310872535,0.015087870703577646,145
126,5.081411409378052,0.10463964526249155,0.4032721519470215,0.08505260143054189,balanced_subsample,entropy,500,log2,500,"{'class_weight': 'balanced_subsample', 'criterion': 'entropy', 'max_depth': 500, 'max_features': 'log2', 'n_estimators': 500}",0.7134570765661253,0.7537746806039489,0.7200929152148664,0.7119628339140535,0.7409988385598142,0.7280572689717617,0.016519666300111063,103
127,11.31341609954834,0.08654839795664322,0.9528974056243896,0.0370346551811291,balanced_subsample,entropy,500,log2,1000,"{'class_weight': 'balanced_subsample', 'criterion': 'entropy', 'max_depth': 500, 'max_features': 'log2', 'n_estimators': 1000}",0.7134570765661253,0.7549361207897793,0.7154471544715447,0.7131242740998839,0.743321718931475,0.7280572689717617,0.01761051418591323,103
128,0.2404491901397705,0.011806671678650932,0.12216033935546874,0.003484983008006626,balanced_subsample,entropy,500,,10,"{'class_weight': 'balanced_subsample', 'criterion': 'entropy', 'max_depth': 500, 'max_features': None, 'n_estimators': 10}",0.7111368909512761,0.743321718931475,0.7038327526132404,0.6991869918699187,0.7456445993031359,0.7206245907338092,0.019863098332890575,175
129,1.29024658203125,0.06928425894406653,0.13733363151550293,0.017622401769863755,balanced_subsample,entropy,500,,100,"{'class_weight': 'balanced_subsample', 'criterion': 'entropy', 'max_depth': 500, 'max_features': None, 'n_estimators': 100}",0.7296983758700696,0.7560975609756098,0.7328687572590011,0.7154471544715447,0.743321718931475,0.73548671350154,0.013624513328753357,40
130,7.407318019866944,0.7423841062373058,0.6594953536987305,0.06953835643962664,balanced_subsample,entropy,500,,500,"{'class_weight': 'balanced_subsample', 'criterion': 'entropy', 'max_depth': 500, 'max_features': None, 'n_estimators': 500}",0.7215777262180975,0.7584204413472706,0.7398373983739838,0.7166085946573751,0.7375145180023229,0.7347917357198099,0.014808272354428335,52
131,15.747251272201538,0.17338591084813235,0.8232614517211914,0.12442323933616986,balanced_subsample,entropy,500,,1000,"{'class_weight': 'balanced_subsample', 'criterion': 'entropy', 'max_depth': 500, 'max_features': None, 'n_estimators': 1000}",0.7238979118329466,0.7572590011614402,0.7375145180023229,0.718931475029036,0.7398373983739838,0.7354880608799459,0.013456962479077333,37
132,0.28602018356323244,0.017085353986920918,0.15873231887817382,0.023259901547132058,balanced_subsample,entropy,,sqrt,10,"{'class_weight': 'balanced_subsample', 'criterion': 'entropy', 'max_depth': None, 'max_features': 'sqrt', 'n_estimators': 10}",0.7146171693735499,0.735191637630662,0.6957026713124274,0.7003484320557491,0.735191637630662,0.71621030960061,0.016704981956045604,193
133,1.5238142013549805,0.08900567910794621,0.24803538322448732,0.037350684668225574,balanced_subsample,entropy,,sqrt,100,"{'class_weight': 'balanced_subsample', 'criterion': 'entropy', 'max_depth': None, 'max_features': 'sqrt', 'n_estimators': 100}",0.7146171693735499,0.7421602787456446,0.7131242740998839,0.7119628339140535,0.7456445993031359,0.7255018310872535,0.015087870703577646,145
134,5.861467409133911,0.8023861694155661,0.4220725059509277,0.0076690712640510965,balanced_subsample,entropy,,sqrt,500,"{'class_weight': 'balanced_subsample', 'criterion': 'entropy', 'max_depth': None, 'max_features': 'sqrt', 'n_estimators': 500}",0.7134570765661253,0.7537746806039489,0.7200929152148664,0.7119628339140535,0.7409988385598142,0.7280572689717617,0.016519666300111063,103
135,10.196101951599122,0.0857324227630313,0.8170328617095948,0.0440182961338766,balanced_subsample,entropy,,sqrt,1000,"{'class_weight': 'balanced_subsample', 'criterion': 'entropy', 'max_depth': None, 'max_features': 'sqrt', 'n_estimators': 1000}",0.7134570765661253,0.7549361207897793,0.7154471544715447,0.7131242740998839,0.743321718931475,0.7280572689717617,0.01761051418591323,103
136,0.17487020492553712,0.05376597131514628,0.11504297256469727,0.0024739236444899122,balanced_subsample,entropy,,log2,10,"{'class_weight': 'balanced_subsample', 'criterion': 'entropy', 'max_depth': None, 'max_features': 'log2', 'n_estimators': 10}",0.7146171693735499,0.735191637630662,0.6957026713124274,0.7003484320557491,0.735191637630662,0.71621030960061,0.016704981956045604,193
137,1.1250788688659668,0.03318987489190171,0.13457875251770018,0.04918444756251889,balanced_subsample,entropy,,log2,100,"{'class_weight': 'balanced_subsample', 'criterion': 'entropy', 'max_depth': None, 'max_features': 'log2', 'n_estimators': 100}",0.7146171693735499,0.7421602787456446,0.7131242740998839,0.7119628339140535,0.7456445993031359,0.7255018310872535,0.015087870703577646,145
138,5.040685653686523,0.07691296622874505,0.44556369781494143,0.044755572445834495,balanced_subsample,entropy,,log2,500,"{'class_weight': 'balanced_subsample', 'criterion': 'entropy', 'max_depth': None, 'max_features': 'log2', 'n_estimators': 500}",0.7134570765661253,0.7537746806039489,0.7200929152148664,0.7119628339140535,0.7409988385598142,0.7280572689717617,0.016519666300111063,103
139,11.431237030029298,0.1063054695519546,0.940082311630249,0.03805215181559259,balanced_subsample,entropy,,log2,1000,"{'class_weight': 'balanced_subsample', 'criterion': 'entropy', 'max_depth': None, 'max_features': 'log2', 'n_estimators': 1000}",0.7134570765661253,0.7549361207897793,0.7154471544715447,0.7131242740998839,0.743321718931475,0.7280572689717617,0.01761051418591323,103
140,0.2331674575805664,0.008570670920244987,0.12473621368408203,0.010065537430589086,balanced_subsample,entropy,,,10,"{'class_weight': 'balanced_subsample', 'criterion': 'entropy', 'max_depth': None, 'max_features': None, 'n_estimators': 10}",0.7111368909512761,0.743321718931475,0.7038327526132404,0.6991869918699187,0.7456445993031359,0.7206245907338092,0.019863098332890575,175
141,1.3825351238250732,0.10319439652310516,0.1576894760131836,0.04692330310592098,balanced_subsample,entropy,,,100,"{'class_weight': 'balanced_subsample', 'criterion': 'entropy', 'max_depth': None, 'max_features': None, 'n_estimators': 100}",0.7296983758700696,0.7560975609756098,0.7328687572590011,0.7154471544715447,0.743321718931475,0.73548671350154,0.013624513328753357,40
142,7.394714307785034,0.7409507306172051,0.5724157810211181,0.043803820599008565,balanced_subsample,entropy,,,500,"{'class_weight': 'balanced_subsample', 'criterion': 'entropy', 'max_depth': None, 'max_features': None, 'n_estimators': 500}",0.7215777262180975,0.7584204413472706,0.7398373983739838,0.7166085946573751,0.7375145180023229,0.7347917357198099,0.014808272354428335,52
143,15.483944940567017,0.33170347202989364,0.8768982887268066,0.09694509021180972,balanced_subsample,entropy,,,1000,"{'class_weight': 'balanced_subsample', 'criterion': 'entropy', 'max_depth': None, 'max_features': None, 'n_estimators': 1000}",0.7238979118329466,0.7572590011614402,0.7375145180023229,0.718931475029036,0.7398373983739838,0.7354880608799459,0.013456962479077333,37
144,0.23339877128601075,0.05402904467186783,0.16015219688415527,0.02152421834780594,,gini,100,sqrt,10,"{'class_weight': None, 'criterion': 'gini', 'max_depth': 100, 'max_features': 'sqrt', 'n_estimators': 10}",0.7180974477958236,0.7200929152148664,0.7224157955865272,0.6980255516840883,0.7247386759581882,0.7166740772478988,0.009586313413438099,187
145,1.001032543182373,0.0535058710962806,0.21760430335998535,0.05373588204947111,,gini,100,sqrt,100,"{'class_weight': None, 'criterion': 'gini', 'max_depth': 100, 'max_features': 'sqrt', 'n_estimators': 100}",0.7238979118329466,0.7317073170731707,0.7224157955865272,0.7224157955865272,0.7572590011614402,0.7315391642481224,0.013314644089598633,82
146,4.10602297782898,0.3633285489069172,0.5355287075042725,0.09877417379711835,,gini,100,sqrt,500,"{'class_weight': None, 'criterion': 'gini', 'max_depth': 100, 'max_features': 'sqrt', 'n_estimators': 500}",0.7308584686774942,0.7398373983739838,0.7247386759581882,0.7282229965156795,0.7619047619047619,0.7371124602860215,0.013366592856022142,31
147,5.95333890914917,0.09955875094056287,0.7683778285980225,0.14411670808570468,,gini,100,sqrt,1000,"{'class_weight': None, 'criterion': 'gini', 'max_depth': 100, 'max_features': 'sqrt', 'n_estimators': 1000}",0.7238979118329466,0.7398373983739838,0.7259001161440186,0.7235772357723578,0.7630662020905923,0.7352557728427799,0.015148127373010498,43
148,0.12267832756042481,0.005742549740633653,0.11108851432800293,0.0039300270487147085,,gini,100,log2,10,"{'class_weight': None, 'criterion': 'gini', 'max_depth': 100, 'max_features': 'log2', 'n_estimators': 10}",0.7180974477958236,0.7200929152148664,0.7224157955865272,0.6980255516840883,0.7247386759581882,0.7166740772478988,0.009586313413438099,187
149,0.6458051681518555,0.036817772686012724,0.10999073982238769,0.0005367628111940367,,gini,100,log2,100,"{'class_weight': None, 'criterion': 'gini', 'max_depth': 100, 'max_features': 'log2', 'n_estimators': 100}",0.7238979118329466,0.7317073170731707,0.7224157955865272,0.7224157955865272,0.7572590011614402,0.7315391642481224,0.013314644089598633,82
150,2.9072922229766847,0.15278097803376822,0.46148929595947263,0.05441189296919795,,gini,100,log2,500,"{'class_weight': None, 'criterion': 'gini', 'max_depth': 100, 'max_features': 'log2', 'n_estimators': 500}",0.7308584686774942,0.7398373983739838,0.7247386759581882,0.7282229965156795,0.7619047619047619,0.7371124602860215,0.013366592856022142,31
151,6.765887832641601,0.144866557300019,0.8340747356414795,0.08188481210428651,,gini,100,log2,1000,"{'class_weight': None, 'criterion': 'gini', 'max_depth': 100, 'max_features': 'log2', 'n_estimators': 1000}",0.7238979118329466,0.7398373983739838,0.7259001161440186,0.7235772357723578,0.7630662020905923,0.7352557728427799,0.015148127373010498,43
152,0.11996326446533204,0.0017743622252960332,0.11545586585998535,0.004904815159523913,,gini,100,,10,"{'class_weight': None, 'criterion': 'gini', 'max_depth': 100, 'max_features': None, 'n_estimators': 10}",0.728538283062645,0.7444831591173054,0.7340301974448316,0.7224157955865272,0.7468060394889663,0.7352546949400551,0.009274104066607138,49
153,0.8286184310913086,0.045491196570762275,0.11464643478393555,0.004114716145174252,,gini,100,,100,"{'class_weight': None, 'criterion': 'gini', 'max_depth': 100, 'max_features': None, 'n_estimators': 100}",0.7378190255220418,0.7398373983739838,0.7398373983739838,0.7200929152148664,0.7572590011614402,0.7389691477292631,0.011778466725034681,22
154,4.2707994937896725,0.3669306778597033,0.49350175857543943,0.05842552355265288,,gini,100,,500,"{'class_weight': None, 'criterion': 'gini', 'max_depth': 100, 'max_features': None, 'n_estimators': 500}",0.7412993039443155,0.7468060394889663,0.7468060394889663,0.7293844367015099,0.7607433217189314,0.7450078282685378,0.010118462314343603,10
155,9.626148891448974,0.09588198851353033,0.6458644866943359,0.05255652771836614,,gini,100,,1000,"{'class_weight': None, 'criterion': 'gini', 'max_depth': 100, 'max_features': None, 'n_estimators': 1000}",0.7378190255220418,0.743321718931475,0.7456445993031359,0.7282229965156795,0.7607433217189314,0.7431503323982527,0.010649058207499609,13
156,0.13662114143371581,0.007426028207861996,0.1318140983581543,0.015357037618681138,,gini,500,sqrt,10,"{'class_weight': None, 'criterion': 'gini', 'max_depth': 500, 'max_features': 'sqrt', 'n_estimators': 10}",0.7180974477958236,0.7200929152148664,0.7224157955865272,0.6980255516840883,0.7247386759581882,0.7166740772478988,0.009586313413438099,187
157,0.9130182266235352,0.026165568144779328,0.18057794570922853,0.05632347248566228,,gini,500,sqrt,100,"{'class_weight': None, 'criterion': 'gini', 'max_depth': 500, 'max_features': 'sqrt', 'n_estimators': 100}",0.7238979118329466,0.7317073170731707,0.7224157955865272,0.7224157955865272,0.7572590011614402,0.7315391642481224,0.013314644089598633,82
158,3.5852768421173096,0.5887247132286875,0.40610651969909667,0.0466120929994826,,gini,500,sqrt,500,"{'class_weight': None, 'criterion': 'gini', 'max_depth': 500, 'max_features': 'sqrt', 'n_estimators': 500}",0.7308584686774942,0.7398373983739838,0.7247386759581882,0.7282229965156795,0.7619047619047619,0.7371124602860215,0.013366592856022142,31
159,6.051122760772705,0.039034037391288856,0.6984645843505859,0.04179399117597823,,gini,500,sqrt,1000,"{'class_weight': None, 'criterion': 'gini', 'max_depth': 500, 'max_features': 'sqrt', 'n_estimators': 1000}",0.7238979118329466,0.7398373983739838,0.7259001161440186,0.7235772357723578,0.7630662020905923,0.7352557728427799,0.015148127373010498,43
160,0.12337241172790528,0.0020839129858385,0.11333355903625489,0.0019588430563877712,,gini,500,log2,10,"{'class_weight': None, 'criterion': 'gini', 'max_depth': 500, 'max_features': 'log2', 'n_estimators': 10}",0.7180974477958236,0.7200929152148664,0.7224157955865272,0.6968641114982579,0.7247386759581882,0.7164417892107326,0.010038769575402317,191
161,0.6393126010894775,0.045602085605482644,0.11324844360351563,0.003108557670466104,,gini,500,log2,100,"{'class_weight': None, 'criterion': 'gini', 'max_depth': 500, 'max_features': 'log2', 'n_estimators': 100}",0.7238979118329466,0.7317073170731707,0.7224157955865272,0.7224157955865272,0.7572590011614402,0.7315391642481224,0.013314644089598633,82
162,2.9763820648193358,0.06411001200817136,0.39901032447814944,0.09751539927364306,,gini,500,log2,500,"{'class_weight': None, 'criterion': 'gini', 'max_depth': 500, 'max_features': 'log2', 'n_estimators': 500}",0.7308584686774942,0.7398373983739838,0.7247386759581882,0.7282229965156795,0.7619047619047619,0.7371124602860215,0.013366592856022142,31
163,6.6816075325012205,0.09625631932407916,0.9779614925384521,0.03588241617977134,,gini,500,log2,1000,"{'class_weight': None, 'criterion': 'gini', 'max_depth': 500, 'max_features': 'log2', 'n_estimators': 1000}",0.7238979118329466,0.7398373983739838,0.7259001161440186,0.7235772357723578,0.7630662020905923,0.7352557728427799,0.015148127373010498,43
164,0.12028675079345703,0.002864433057936603,0.11677656173706055,0.0026179763560024777,,gini,500,,10,"{'class_weight': None, 'criterion': 'gini', 'max_depth': 500, 'max_features': None, 'n_estimators': 10}",0.728538283062645,0.7444831591173054,0.7340301974448316,0.7224157955865272,0.7468060394889663,0.7352546949400551,0.009274104066607138,49
165,0.7786530494689942,0.059663686949853925,0.11520628929138184,0.0034367916310068165,,gini,500,,100,"{'class_weight': None, 'criterion': 'gini', 'max_depth': 500, 'max_features': None, 'n_estimators': 100}",0.7378190255220418,0.7398373983739838,0.7398373983739838,0.7200929152148664,0.7572590011614402,0.7389691477292631,0.011778466725034681,22
166,4.321636962890625,0.6078356986484565,0.5346986770629882,0.07568069323557776,,gini,500,,500,"{'class_weight': None, 'criterion': 'gini', 'max_depth': 500, 'max_features': None, 'n_estimators': 500}",0.7412993039443155,0.7468060394889663,0.7468060394889663,0.7293844367015099,0.7607433217189314,0.7450078282685378,0.010118462314343603,10
167,9.462476968765259,0.19529658629949723,0.68194580078125,0.0548359791488642,,gini,500,,1000,"{'class_weight': None, 'criterion': 'gini', 'max_depth': 500, 'max_features': None, 'n_estimators': 1000}",0.7378190255220418,0.743321718931475,0.7456445993031359,0.7282229965156795,0.7607433217189314,0.7431503323982527,0.010649058207499609,13
168,0.1541421890258789,0.011095425008677719,0.14167098999023436,0.01583090847880075,,gini,,sqrt,10,"{'class_weight': None, 'criterion': 'gini', 'max_depth': None, 'max_features': 'sqrt', 'n_estimators': 10}",0.7180974477958236,0.7200929152148664,0.7224157955865272,0.6968641114982579,0.7247386759581882,0.7164417892107326,0.010038769575402317,191
169,0.9173537254333496,0.01710650239974941,0.22005629539489746,0.04819365578108555,,gini,,sqrt,100,"{'class_weight': None, 'criterion': 'gini', 'max_depth': None, 'max_features': 'sqrt', 'n_estimators': 100}",0.7238979118329466,0.7317073170731707,0.7224157955865272,0.7224157955865272,0.7572590011614402,0.7315391642481224,0.013314644089598633,82
170,3.3852534770965574,0.36806062941471734,0.3560265064239502,0.05550108190762034,,gini,,sqrt,500,"{'class_weight': None, 'criterion': 'gini', 'max_depth': None, 'max_features': 'sqrt', 'n_estimators': 500}",0.7308584686774942,0.7398373983739838,0.7247386759581882,0.7282229965156795,0.7619047619047619,0.7371124602860215,0.013366592856022142,31
171,6.1100986957550045,0.08745524540963745,0.7228850364685059,0.004264199645870238,,gini,,sqrt,1000,"{'class_weight': None, 'criterion': 'gini', 'max_depth': None, 'max_features': 'sqrt', 'n_estimators': 1000}",0.7238979118329466,0.7398373983739838,0.7259001161440186,0.7235772357723578,0.7630662020905923,0.7352557728427799,0.015148127373010498,43
172,0.12103252410888672,0.0033205872938439655,0.11797246932983399,0.006150223149234592,,gini,,log2,10,"{'class_weight': None, 'criterion': 'gini', 'max_depth': None, 'max_features': 'log2', 'n_estimators': 10}",0.7180974477958236,0.7200929152148664,0.7224157955865272,0.6980255516840883,0.7247386759581882,0.7166740772478988,0.009586313413438099,187
173,0.6403960704803466,0.04533894342709719,0.11384177207946777,0.002948890228418651,,gini,,log2,100,"{'class_weight': None, 'criterion': 'gini', 'max_depth': None, 'max_features': 'log2', 'n_estimators': 100}",0.7238979118329466,0.7317073170731707,0.7224157955865272,0.7224157955865272,0.7572590011614402,0.7315391642481224,0.013314644089598633,82
174,2.9218096256256105,0.09534284698526557,0.4191948413848877,0.09697996515954625,,gini,,log2,500,"{'class_weight': None, 'criterion': 'gini', 'max_depth': None, 'max_features': 'log2', 'n_estimators': 500}",0.7308584686774942,0.7398373983739838,0.7247386759581882,0.7282229965156795,0.7619047619047619,0.7371124602860215,0.013366592856022142,31
175,6.640028095245361,0.049096425341117765,0.8988587856292725,0.048118030297513756,,gini,,log2,1000,"{'class_weight': None, 'criterion': 'gini', 'max_depth': None, 'max_features': 'log2', 'n_estimators': 1000}",0.7238979118329466,0.7398373983739838,0.7259001161440186,0.7235772357723578,0.7630662020905923,0.7352557728427799,0.015148127373010498,43
176,0.12349476814270019,0.0032811338813397103,0.11252198219299317,0.0022993288589100535,,gini,,,10,"{'class_weight': None, 'criterion': 'gini', 'max_depth': None, 'max_features': None, 'n_estimators': 10}",0.728538283062645,0.7444831591173054,0.7340301974448316,0.7224157955865272,0.7468060394889663,0.7352546949400551,0.009274104066607138,49
177,0.7886365413665771,0.05604516378401883,0.13668837547302246,0.04770677368991628,,gini,,,100,"{'class_weight': None, 'criterion': 'gini', 'max_depth': None, 'max_features': None, 'n_estimators': 100}",0.7378190255220418,0.7398373983739838,0.7398373983739838,0.7200929152148664,0.7572590011614402,0.7389691477292631,0.011778466725034681,22
178,4.385596704483032,0.45161677231171093,0.5106404304504395,0.08143486080703878,,gini,,,500,"{'class_weight': None, 'criterion': 'gini', 'max_depth': None, 'max_features': None, 'n_estimators': 500}",0.7412993039443155,0.7468060394889663,0.7468060394889663,0.7293844367015099,0.7607433217189314,0.7450078282685378,0.010118462314343603,10
179,9.451955270767211,0.12757724003937929,0.7786819458007812,0.12988332808899236,,gini,,,1000,"{'class_weight': None, 'criterion': 'gini', 'max_depth': None, 'max_features': None, 'n_estimators': 1000}",0.7378190255220418,0.743321718931475,0.7456445993031359,0.7282229965156795,0.7607433217189314,0.7431503323982527,0.010649058207499609,13
180,0.19858365058898925,0.05381690183535265,0.14562392234802246,0.00899899991206899,,entropy,100,sqrt,10,"{'class_weight': None, 'criterion': 'entropy', 'max_depth': 100, 'max_features': 'sqrt', 'n_estimators': 10}",0.7192575406032483,0.7177700348432056,0.7154471544715447,0.7015098722415796,0.7375145180023229,0.7182998240323802,0.011492976696525246,182
181,0.943657922744751,0.04377636924300697,0.16154751777648926,0.050755815760844626,,entropy,100,sqrt,100,"{'class_weight': None, 'criterion': 'entropy', 'max_depth': 100, 'max_features': 'sqrt', 'n_estimators': 100}",0.728538283062645,0.7363530778164924,0.7293844367015099,0.7247386759581882,0.7537746806039489,0.734557830828557,0.010314310364787563,55
182,3.853929281234741,0.33031962111952384,0.3632215976715088,0.05629436048481932,,entropy,100,sqrt,500,"{'class_weight': None, 'criterion': 'entropy', 'max_depth': 100, 'max_features': 'sqrt', 'n_estimators': 500}",0.7296983758700696,0.7491289198606271,0.7328687572590011,0.7235772357723578,0.759581881533101,0.7389710340590313,0.013328005666879996,16
183,7.081600093841553,0.07942038894370461,0.7501352787017822,0.08106111723427267,,entropy,100,sqrt,1000,"{'class_weight': None, 'criterion': 'entropy', 'max_depth': 100, 'max_features': 'sqrt', 'n_estimators': 1000}",0.7250580046403712,0.7479674796747967,0.7282229965156795,0.7293844367015099,0.759581881533101,0.7380429598130915,0.01343452273674021,25
184,0.1252882480621338,0.0014614930937986283,0.11898994445800781,0.00572421670307075,,entropy,100,log2,10,"{'class_weight': None, 'criterion': 'entropy', 'max_depth': 100, 'max_features': 'log2', 'n_estimators': 10}",0.7192575406032483,0.7177700348432056,0.7154471544715447,0.7015098722415796,0.7375145180023229,0.7182998240323802,0.011492976696525246,182
185,0.7875457763671875,0.034522066919995514,0.12182197570800782,0.008344207805892132,,entropy,100,log2,100,"{'class_weight': None, 'criterion': 'entropy', 'max_depth': 100, 'max_features': 'log2', 'n_estimators': 100}",0.728538283062645,0.7363530778164924,0.7293844367015099,0.7247386759581882,0.7537746806039489,0.734557830828557,0.010314310364787563,55
186,3.4461606979370116,0.12716316377446668,0.40175843238830566,0.10817041907276241,,entropy,100,log2,500,"{'class_weight': None, 'criterion': 'entropy', 'max_depth': 100, 'max_features': 'log2', 'n_estimators': 500}",0.7296983758700696,0.7491289198606271,0.7328687572590011,0.7235772357723578,0.759581881533101,0.7389710340590313,0.013328005666879996,16
187,8.383662796020507,0.09176013703135005,1.0716435432434082,0.08108950782026958,,entropy,100,log2,1000,"{'class_weight': None, 'criterion': 'entropy', 'max_depth': 100, 'max_features': 'log2', 'n_estimators': 1000}",0.7250580046403712,0.7479674796747967,0.7282229965156795,0.7293844367015099,0.759581881533101,0.7380429598130915,0.01343452273674021,25
188,0.1254871368408203,0.0032176003592779825,0.12041873931884765,0.0046825655156709925,,entropy,100,,10,"{'class_weight': None, 'criterion': 'entropy', 'max_depth': 100, 'max_features': None, 'n_estimators': 10}",0.728538283062645,0.7456445993031359,0.735191637630662,0.7142857142857143,0.7421602787456446,0.7331641026055603,0.01112291898053875,73
189,0.9773765563964844,0.05956643429514437,0.12549834251403807,0.007354366268262585,,entropy,100,,100,"{'class_weight': None, 'criterion': 'entropy', 'max_depth': 100, 'max_features': None, 'n_estimators': 100}",0.7354988399071926,0.7537746806039489,0.7526132404181185,0.7305458768873403,0.7584204413472706,0.7461706158327741,0.01102185743190587,7
190,5.666674327850342,0.7157300949844182,0.6219893455505371,0.05161992351666607,,entropy,100,,500,"{'class_weight': None, 'criterion': 'entropy', 'max_depth': 100, 'max_features': None, 'n_estimators': 500}",0.7308584686774942,0.759581881533101,0.7537746806039489,0.735191637630662,0.7723577235772358,0.7503528784044884,0.015433675340129594,1
191,12.583019971847534,0.20613285386952418,0.773908281326294,0.1831094619447555,,entropy,100,,1000,"{'class_weight': None, 'criterion': 'entropy', 'max_depth': 100, 'max_features': None, 'n_estimators': 1000}",0.7238979118329466,0.7607433217189314,0.7491289198606271,0.7317073170731707,0.7711962833914053,0.7473347507754162,0.017583422078599253,4
192,0.29271492958068845,0.023697423594078802,0.18617944717407225,0.009240130257050463,,entropy,500,sqrt,10,"{'class_weight': None, 'criterion': 'entropy', 'max_depth': 500, 'max_features': 'sqrt', 'n_estimators': 10}",0.7192575406032483,0.7177700348432056,0.7154471544715447,0.7015098722415796,0.7375145180023229,0.7182998240323802,0.011492976696525246,182
193,1.1959200859069825,0.08274165076236328,0.2829904079437256,0.03750856525591927,,entropy,500,sqrt,100,"{'class_weight': None, 'criterion': 'entropy', 'max_depth': 500, 'max_features': 'sqrt', 'n_estimators': 100}",0.728538283062645,0.7363530778164924,0.7293844367015099,0.7247386759581882,0.7537746806039489,0.734557830828557,0.010314310364787563,55
194,4.3464521884918215,0.8063312831484443,0.38069987297058105,0.08452480865888547,,entropy,500,sqrt,500,"{'class_weight': None, 'criterion': 'entropy', 'max_depth': 500, 'max_features': 'sqrt', 'n_estimators': 500}",0.7296983758700696,0.7491289198606271,0.7328687572590011,0.7235772357723578,0.759581881533101,0.7389710340590313,0.013328005666879996,16
195,7.064814472198487,0.07329210525903841,0.747816514968872,0.03975381935216375,,entropy,500,sqrt,1000,"{'class_weight': None, 'criterion': 'entropy', 'max_depth': 500, 'max_features': 'sqrt', 'n_estimators': 1000}",0.7250580046403712,0.7479674796747967,0.7282229965156795,0.7293844367015099,0.759581881533101,0.7380429598130915,0.01343452273674021,25
196,0.14086441993713378,0.02648295896439131,0.12025489807128906,0.004348228242841815,,entropy,500,log2,10,"{'class_weight': None, 'criterion': 'entropy', 'max_depth': 500, 'max_features': 'log2', 'n_estimators': 10}",0.7192575406032483,0.718931475029036,0.7154471544715447,0.7015098722415796,0.7375145180023229,0.7185321120695463,0.011491658578899036,181
197,0.7960406303405761,0.0596129825636167,0.11709847450256347,0.005103659704166433,,entropy,500,log2,100,"{'class_weight': None, 'criterion': 'entropy', 'max_depth': 500, 'max_features': 'log2', 'n_estimators': 100}",0.728538283062645,0.7363530778164924,0.7293844367015099,0.7247386759581882,0.7537746806039489,0.734557830828557,0.010314310364787563,55
198,3.4653140544891357,0.1773722708966733,0.3770271301269531,0.08711012929023547,,entropy,500,log2,500,"{'class_weight': None, 'criterion': 'entropy', 'max_depth': 500, 'max_features': 'log2', 'n_estimators': 500}",0.7296983758700696,0.7491289198606271,0.7328687572590011,0.7235772357723578,0.759581881533101,0.7389710340590313,0.013328005666879996,16
199,8.216599130630494,0.0658106569629328,1.017696237564087,0.06742378347874944,,entropy,500,log2,1000,"{'class_weight': None, 'criterion': 'entropy', 'max_depth': 500, 'max_features': 'log2', 'n_estimators': 1000}",0.7250580046403712,0.7479674796747967,0.7282229965156795,0.7293844367015099,0.759581881533101,0.7380429598130915,0.01343452273674021,25
200,0.16516318321228027,0.05351038851072905,0.1187936782836914,0.007596397127523165,,entropy,500,,10,"{'class_weight': None, 'criterion': 'entropy', 'max_depth': 500, 'max_features': None, 'n_estimators': 10}",0.728538283062645,0.7456445993031359,0.735191637630662,0.7142857142857143,0.7421602787456446,0.7331641026055603,0.01112291898053875,73
201,1.0080880165100097,0.09852694385307573,0.11734595298767089,0.006592188054402619,,entropy,500,,100,"{'class_weight': None, 'criterion': 'entropy', 'max_depth': 500, 'max_features': None, 'n_estimators': 100}",0.7354988399071926,0.7537746806039489,0.7526132404181185,0.7305458768873403,0.7584204413472706,0.7461706158327741,0.01102185743190587,7
202,5.562532997131347,0.7130851779951629,0.6219268321990967,0.04481174743617553,,entropy,500,,500,"{'class_weight': None, 'criterion': 'entropy', 'max_depth': 500, 'max_features': None, 'n_estimators': 500}",0.7308584686774942,0.759581881533101,0.7537746806039489,0.735191637630662,0.7723577235772358,0.7503528784044884,0.015433675340129594,1
203,12.337604188919068,0.23127888292424587,0.7539941787719726,0.11860245364591983,,entropy,500,,1000,"{'class_weight': None, 'criterion': 'entropy', 'max_depth': 500, 'max_features': None, 'n_estimators': 1000}",0.7238979118329466,0.7607433217189314,0.7491289198606271,0.7317073170731707,0.7711962833914053,0.7473347507754162,0.017583422078599253,4
204,0.2820840835571289,0.04685452614234706,0.20182218551635742,0.02698477845522524,,entropy,,sqrt,10,"{'class_weight': None, 'criterion': 'entropy', 'max_depth': None, 'max_features': 'sqrt', 'n_estimators': 10}",0.7192575406032483,0.7177700348432056,0.7142857142857143,0.7015098722415796,0.7375145180023229,0.7180675359952141,0.01155982812595646,186
205,1.1414512157440186,0.12075754351789848,0.24330668449401854,0.044866147175017815,,entropy,,sqrt,100,"{'class_weight': None, 'criterion': 'entropy', 'max_depth': None, 'max_features': 'sqrt', 'n_estimators': 100}",0.728538283062645,0.7363530778164924,0.7293844367015099,0.7247386759581882,0.7537746806039489,0.734557830828557,0.010314310364787563,55
206,4.306991720199585,0.8344118564559502,0.409851598739624,0.09942364942978525,,entropy,,sqrt,500,"{'class_weight': None, 'criterion': 'entropy', 'max_depth': None, 'max_features': 'sqrt', 'n_estimators': 500}",0.7296983758700696,0.7491289198606271,0.7328687572590011,0.7235772357723578,0.759581881533101,0.7389710340590313,0.013328005666879996,16
207,7.00169997215271,0.060592080744477216,0.7981614112854004,0.05784877193221831,,entropy,,sqrt,1000,"{'class_weight': None, 'criterion': 'entropy', 'max_depth': None, 'max_features': 'sqrt', 'n_estimators': 1000}",0.7250580046403712,0.7479674796747967,0.7282229965156795,0.7293844367015099,0.759581881533101,0.7380429598130915,0.01343452273674021,25
208,0.1280806541442871,0.007192355855143686,0.12039575576782227,0.003832038473798165,,entropy,,log2,10,"{'class_weight': None, 'criterion': 'entropy', 'max_depth': None, 'max_features': 'log2', 'n_estimators': 10}",0.7192575406032483,0.7177700348432056,0.7154471544715447,0.7015098722415796,0.7375145180023229,0.7182998240323802,0.011492976696525246,182
209,0.7542777538299561,0.04662847746141086,0.1357034683227539,0.038191620886655175,,entropy,,log2,100,"{'class_weight': None, 'criterion': 'entropy', 'max_depth': None, 'max_features': 'log2', 'n_estimators': 100}",0.728538283062645,0.7363530778164924,0.7293844367015099,0.7247386759581882,0.7537746806039489,0.734557830828557,0.010314310364787563,55
210,3.471981239318848,0.16293201930720239,0.38625302314758303,0.09404680821382902,,entropy,,log2,500,"{'class_weight': None, 'criterion': 'entropy', 'max_depth': None, 'max_features': 'log2', 'n_estimators': 500}",0.7296983758700696,0.7491289198606271,0.7328687572590011,0.7235772357723578,0.759581881533101,0.7389710340590313,0.013328005666879996,16
211,8.09760823249817,0.13145319816282539,1.0291989326477051,0.1299608333231815,,entropy,,log2,1000,"{'class_weight': None, 'criterion': 'entropy', 'max_depth': None, 'max_features': 'log2', 'n_estimators': 1000}",0.7250580046403712,0.7479674796747967,0.7282229965156795,0.7293844367015099,0.759581881533101,0.7380429598130915,0.01343452273674021,25
212,0.14909801483154297,0.04013981073492315,0.12384529113769531,0.01722935736081793,,entropy,,,10,"{'class_weight': None, 'criterion': 'entropy', 'max_depth': None, 'max_features': None, 'n_estimators': 10}",0.728538283062645,0.7444831591173054,0.735191637630662,0.7142857142857143,0.7421602787456446,0.7329318145683943,0.010869085399195087,78
213,1.0264947414398193,0.08572325592190685,0.15610165596008302,0.05145893410795264,,entropy,,,100,"{'class_weight': None, 'criterion': 'entropy', 'max_depth': None, 'max_features': None, 'n_estimators': 100}",0.7354988399071926,0.7537746806039489,0.7526132404181185,0.7305458768873403,0.7584204413472706,0.7461706158327741,0.01102185743190587,7
214,5.444017648696899,0.5774458086765641,0.6592494010925293,0.04433518333697634,,entropy,,,500,"{'class_weight': None, 'criterion': 'entropy', 'max_depth': None, 'max_features': None, 'n_estimators': 500}",0.7308584686774942,0.759581881533101,0.7537746806039489,0.735191637630662,0.7723577235772358,0.7503528784044884,0.015433675340129594,1
215,10.639472818374633,0.4106132447303326,0.5212896823883056,0.13639395320865724,,entropy,,,1000,"{'class_weight': None, 'criterion': 'entropy', 'max_depth': None, 'max_features': None, 'n_estimators': 1000}",0.7238979118329466,0.7607433217189314,0.7491289198606271,0.7317073170731707,0.7711962833914053,0.7473347507754162,0.017583422078599253,4
